1,loginUser,adityavb,Adi123!@#,,,
2,loginUser,neonik321,neonik321,Username does not exist,Invalid password,Please correct the following errors
3,loginUser,adityavb,neonik321,,Invalid password,Please correct the following errors
4,loginUser,adityavba,Adi123!@#,Username does not exist,,Please correct the following errors
5,loginUser,,,Username cannot be blank,Password cannot be blank,Please correct the following errors
6,loginUser,adityavb,,,Password cannot be blank,Please correct the following errors
7,loginUser,,Adi123!@#,Username cannot be blank,,Please correct the following errors
8,loginUser,,neonik321,Username cannot be blank,Invalid password,Please correct the following errors
9,loginUser,pravin,,Username does not exist,Password cannot be blank,Please correct the following errors
10,,,,,,
11,sadasd,adityavb,Adi123!@#,,,