1,reserveRental,2018-12-07,2018-12-07,1,,,,,,,,,,,,,,,,,,,,,,,,,0,0,
2,reserveRental,2018-11-05,2018-12-07,2,,,,,,,,,,,,,,,,Date is in the past,,,,,,,,,0,0,Please correct the following errors
3,reserveRental,2018-12-07,2018-11-05,2,,,,,,,,,,,,,,,,,Date is in the past,,,,,,,,0,0,Please correct the following errors
4,reserveRental,2018-12-08,2018-12-07,2,,,,,,,,,,,,,,,,,End date cannot be before start date,,,,,,,,0,0,Please correct the following errors
5,reserveRental,2018-12-07,2018-11-06,2,,,,,,,,,,,,,,,,,Date is in the past,,,,,,,,0,0,Please correct the following errors
6,reserveRental,2018-12-07,,2,,,,,,,,,,,,,,,,,Invalid date format or date cannot be blank,,,,,,,,0,0,Please correct the following errors
7,reserveRental,,2018-12-06,2,,,,,,,,,,,,,,,,Invalid date format or date cannot be blank,Invalid date format or date cannot be blank,,,,,,,,0,0,Please correct the following errors
8,reserveRental,2018-12-07,2018-12-08,,,,,,,,,,,,,,,,,,,Number of occupants cannot be blank,,,,,,,0,0,Please correct the following errors
9,reserveRental,2018-12-07,2018-12-08,0,,,,,,,,,,,,,,,,,,Number of occupants cannot be less than 1,,,,,,,0,0,Please correct the following errors
10,reserveRental,2018-12-07,2018-12-08,9,,,,,,,,,,,,,,,,,,,,,,,,,0,0,
11,reserveRental,2018-12-07,2018-12-08,10,,,,,,,,,,,,,,,,,,Number of occupants cannot be more than 9,,,,,,,0,0,Please correct the following errors
12,listCars,2018-12-06,2018-12-07,1,8:00,8:30,,,,,,,,,,,,,,,,,,,,,,,0,0,
13,listCars,2018-12-06,2018-12-07,1,8:00,8:00,,,,,,,,,,,,,,,,,Start time and End time cannot be same,,,,,,0,0,Please correct the following errors
14,listCars,2018-12-06,2018-12-07,1,8:30,8:00,,,,,,,,,,,,,,,,,End time cannot be before start time,,,,,,0,0,Please correct the following errors
15,confirmRental,2018-12-06,2018-12-07,1,8:00,8:30,,,,,,,,,,,,,,,,,,Name cannot be blank,,,,,0,0,Please correct the following errors
16,confirmRental,2018-12-06,2018-12-07,1,8:00,8:30,Ad,,,,,,,,,,,,,,,,,Name must be between 3 and 45 characters,,,,,0,0,Please correct the following errors
17,confirmRental,2018-12-06,2018-12-07,1,8:00,8:30,$$%%,,,,,,,,,,,,,,,,,Name must contain only characters and spaces,,,,,0,0,Please correct the following errors
18,confirmRental,2018-12-06,2018-12-07,1,8:00,8:30,Adi,,,,,,,,,,,,,,,,,Address cannot be blank,,,,,0,0,Please correct the following errors
19,confirmRental,2018-12-06,2018-12-07,1,8:00,8:30,auswrqqxotvcoixamsyrtayzjheosvfnldjwfircwhfhe,,,,,,,,,,,,,,,,,Address cannot be blank,,,,,0,0,Please correct the following errors
20,confirmRental,2018-12-06,2018-12-07,1,8:00,8:30,auswrqqxotvcoixamsyrtayzjheosvfnldjwfiarcwhfhe,,,,,,,,,,,,,,,,,Name must be between 3 and 45 characters,,,,,0,0,Please correct the following errors
21,confirmRental,2018-12-06,2018-12-07,1,8:00,8:30,Aditya Bharaswadkar,60,,,,,,,,,,,,,,,,Address must be between 3 and 45 characters,,,,,0,0,Please correct the following errors
22,confirmRental,2018-12-06,2018-12-07,1,8:00,8:30,Aditya Bharaswadkar,$$$$,,,,,,,,,,,,,,,,Address must contain only characters hyphens spaces,,,,,0,0,Please correct the following errors
23,confirmRental,2018-12-06,2018-12-07,1,8:00,8:30,Aditya Bharaswadkar,603,,,,,,,,,,,,,,,,CC Number cannot be blank,,,,,0,0,Please correct the following errors
24,confirmRental,2018-12-06,2018-12-07,1,8:00,8:30,Aditya Bharaswadkar,auswrqqxotvcoixamsyrtayzjheosvfnldjwfircwhfhe,,,,,,,,,,,,,,,,CC Number cannot be blank,,,,,0,0,Please correct the following errors
25,confirmRental,2018-12-06,2018-12-07,1,8:00,8:30,Aditya Bharaswadkar,auswrqqxotvcoixamsyrtayzjheosvfnldjwfircwhfhee,,,,,,,,,,,,,,,,Address must be between 3 and 45 characters,,,,,0,0,Please correct the following errors
26,confirmRental,2018-12-06,2018-12-07,1,8:00,8:30,Aditya Bharaswadkar,603 Causley Avenue,123456789000000,,,,,,,,,,,,,,,Invalid CC Number,,,,,0,0,Please correct the following errors
27,confirmRental,2018-12-06,2018-12-07,1,8:00,8:30,Aditya Bharaswadkar,603 Causley Avenue,1234567890000000,,,,,,,,,,,,,,,CVV Number cannot be blank,,,,,0,0,Please correct the following errors
28,confirmRental,2018-12-06,2018-12-07,1,8:00,8:30,Aditya Bharaswadkar,603 Causley Avenue,12345678900000000,,,,,,,,,,,,,,,Invalid CC Number,,,,,0,0,Please correct the following errors
29,confirmRental,2018-12-06,2018-12-07,1,8:00,8:30,Aditya Bharaswadkar,603 Causley Avenue,1234567890000000,12,,,,,,,,,,,,,,Invalid CVV Number,,,,,0,0,Please correct the following errors
30,confirmRental,2018-12-06,2018-12-07,1,8:00,8:30,Aditya Bharaswadkar,603 Causley Avenue,1234567890000000,123,,,,,,,,,,,,,,,,,,,0,0,
31,confirmRental,2018-12-06,2018-12-07,1,8:00,8:30,Aditya Bharaswadkar,603 Causley Avenue,1234567890000000,1234,,,,,,,,,,,,,,,,,,,0,0,
32,confirmRental,2018-12-06,2018-12-07,1,8:00,8:30,Aditya Bharaswadkar,603 Causley Avenue,1234567890000000,12345,,,,,,,,,,,,,,Invalid CVV Number,,,,,0,0,Please correct the following errors
33,addRental,,,,,,,,,,adityavboeoe,,,,,,,,,,,,,,Username does not exist,,,,0,0,Please correct the following errors
34,addRental,,,,,,,,,,adityavb,,,,,,,,,,,,,,,,,,0,0,
35,addRental,,,,,,,,,,,,,,,,,,,,,,,,Username cannot be blank,,,,0,0,Please correct the following errors
36,addCar1,,,,,,,,,,,,,,,,,,,,,,,,,Carname cannot be blank,,,0,0,Please correct the following errors
37,addCar1,,,,,,,,,,,Ri,,,,,,,,,,,,,,Carname must be between 3 and 45 characters,,,0,0,Please correct the following errors
38,addCar1,,,,,,,,,,,Rit,,,,,,,,,,,,,,Capacity cannot be blank,,,0,0,Please correct the following errors
39,addCar1,,,,,,,,,,,auswrqqxotvcoixamsyrtayzjheosvfnldjwfircwhfhe,,,,,,,,,,,,,,Capacity cannot be blank,,,0,0,Please correct the following errors
40,addCar1,,,,,,,,,,,auswrqqxotvcoixamsyrtayzjheosvfnldjwfircwhfhee,,,,,,,,,,,,,,Carname must be between 3 and 45 characters,,,0,0,Please correct the following errors
41,addCar1,,,,,,,,,,,Compact,,,,,,,,,,,,,,Carname already exists,,,0,0,Please correct the following errors
42,addCar1,,,,,,,,,,,#$$,,,,,,,,,,,,,,Carname must contain only characters numbers and hyphens,,,0,0,Please correct the following errors
43,addCar1,,,,,,,,,,,Ritz,0,,,,,,,,,,,,,Capacity cannot be less than 1,,,0,0,Please correct the following errors
44,addCar1,,,,,,,,,,,Ritzz,1,,,,,,,,,,,,,Weekdayrate cannot be blank,,,0,0,Please correct the following errors
45,addCar1,,,,,,,,,,,Ritzz,18,,,,,,,,,,,,,Weekdayrate cannot be blank,,,0,0,Please correct the following errors
46,addCar1,,,,,,,,,,,Ritz,19,,,,,,,,,,,,,Capacity cannot be more than 18,,,0,0,Please correct the following errors
47,addCar1,,,,,,,,,,,Ritz,4,0.99,,,,,,,,,,,,Weekdayrate cannot be less than 1.00,,,0,0,Please correct the following errors
48,addCar1,,,,,,,,,,,Ritz,4,0.9,,,,,,,,,,,,Weekdayrate must contain only float values upto 2 decimals,,,0,0,Please correct the following errors
49,addCar1,,,,,,,,,,,Ritz,4,1.00,,,,,,,,,,,,weekendrate cannot be blank,,,0,0,Please correct the following errors
50,addCar1,,,,,,,,,,,Ritz,4,500.00,,,,,,,,,,,,weekendrate cannot be blank,,,0,0,Please correct the following errors
51,addCar1,,,,,,,,,,,Ritz,4,500.01,,,,,,,,,,,,Weekdayrate cannot be more than 500.00,,,0,0,Please correct the following errors
52,addCar1,,,,,,,,,,,Ritz,4,25.00,,,,,,,,,,,,weekendrate cannot be blank,,,0,0,Please correct the following errors
53,addCar1,,,,,,,,,,,Ritz,4,25.00,0.99,,,,,,,,,,,weekendrate cannot be less than 1.00,,,0,0,Please correct the following errors
54,addCar1,,,,,,,,,,,Ritz,4,25.00,0.9,,,,,,,,,,,weekendrate must contain only float values upto 2 decimals,,,0,0,Please correct the following errors
55,addCar1,,,,,,,,,,,Ritz,4,25.00,1.00,,,,,,,,,,,weekrate cannot be blank,,,0,0,Please correct the following errors
56,addCar1,,,,,,,,,,,Ritz,4,25.00,500.00,,,,,,,,,,,weekrate cannot be blank,,,0,0,Please correct the following errors
57,addCar1,,,,,,,,,,,Ritz,4,25.00,500.01,,,,,,,,,,,weekendrate cannot be more than 500.00,,,0,0,Please correct the following errors
58,addCar1,,,,,,,,,,,Ritz,4,25.00,30.00,0.99,,,,,,,,,,weekrate cannot be less than 1.00,,,0,0,Please correct the following errors
59,addCar1,,,,,,,,,,,Ritz,4,25.00,30.00,0.9,,,,,,,,,,weekrate must contain only float values upto 2 decimals,,,0,0,Please correct the following errors
60,addCar1,,,,,,,,,,,Ritz,4,25.00,30.00,1.00,,,,,,,,,,gpsrate cannot be blank,,,0,0,Please correct the following errors
61,addCar1,,,,,,,,,,,Ritz,4,25.00,30.00,5000.00,,,,,,,,,,gpsrate cannot be blank,,,0,0,Please correct the following errors
62,addCar1,,,,,,,,,,,Ritz,4,25.00,30.00,5000.01,,,,,,,,,,weekrate cannot be more than 5000.00,,,0,0,Please correct the following errors
63,addCar1,,,,,,,,,,,Ritz,4,25.00,30.00,100.00,0.99,,,,,,,,,gpsrate cannot be less than 1.00,,,0,0,Please correct the following errors
64,addCar1,,,,,,,,,,,Ritz,4,25.00,30.00,100.00,0.9,,,,,,,,,gpsrate must contain only float values upto 2 decimals,,,0,0,Please correct the following errors
65,addCar1,,,,,,,,,,,Ritz,4,25.00,30.00,100.00,1.00,,,,,,,,,onstarrate cannot be blank,,,0,0,Please correct the following errors
66,addCar1,,,,,,,,,,,Ritz,4,25.00,30.00,100.00,10.00,,,,,,,,,onstarrate cannot be blank,,,0,0,Please correct the following errors
67,addCar1,,,,,,,,,,,Ritz,4,25.00,30.00,100.00,10.01,,,,,,,,,gpsrate cannot be more than 10.00,,,0,0,Please correct the following errors
68,addCar1,,,,,,,,,,,Ritz,4,25.00,30.00,100.00,5.00,0.99,,,,,,,,onstarrate cannot be less than 1.00,,,0,0,Please correct the following errors
69,addCar1,,,,,,,,,,,Ritz,4,25.00,30.00,100.00,5.00,0.9,,,,,,,,onstarrate must contain only float values upto 2 decimals,,,0,0,Please correct the following errors
70,addCar1,,,,,,,,,,,Ritz,4,25.00,30.00,100.00,5.00,1.00,,,,,,,,siriusxmrate cannot be blank,,,0,0,Please correct the following errors
71,addCar1,,,,,,,,,,,Ritz,4,25.00,30.00,100.00,5.00,10.00,,,,,,,,siriusxmrate cannot be blank,,,0,0,Please correct the following errors
72,addCar1,,,,,,,,,,,Ritz,4,25.00,30.00,100.00,5.00,10.01,,,,,,,,onstarrate cannot be more than 10.00,,,0,0,Please correct the following errors
73,addCar1,,,,,,,,,,,Ritz,4,25.00,30.00,100.00,5.00,6.00,0.99,,,,,,,siriusxmrate cannot be less than 1.00,,,0,0,Please correct the following errors
74,addCar1,,,,,,,,,,,Ritz,4,25.00,30.00,100.00,5.00,6.00,0.9,,,,,,,siriusxmrate must contain only float values upto 2 decimals,,,0,0,Please correct the following errors
75,addCar1,,,,,,,,,,,Ritz,4,25.00,30.00,100.00,5.00,6.00,1.00,,,,,,,,,,0,0,
76,addCar1,,,,,,,,,,,Ritz,4,25.00,30.00,100.00,5.00,6.00,10.00,,,,,,,,,,0,0,
77,addCar1,,,,,,,,,,,Ritz,4,25.00,30.00,100.00,5.00,6.00,10.01,,,,,,,siriusxmrate cannot be more than 10.00,,,0,0,Please correct the following errors
78,,,,,,,,,,,,,,,,,,,,,,,,,,,,,0,0,
79,asdasdasd,,,,,,,,,,,,,,,,,,,,,,,,,,,,0,0,
80,,,,,,,,,,,,,,,,,,,,,,,,,,,2018-11-05,2018-11-06,1,0,
81,,,,,,,,,,,,,,,,,,,,,,,,,,,2018-11-09,2018-11-10,1,2,
82,,,,,,,,,,,,,,,,,,,,,,,,,,,2018-11-10,2018-11-11,1,2,
83,,,,,,,,,,,,,,,,,,,,,,,,,,,2018-11-09,2018-11-11,2,3,
84,,,,,,,,,,,,,,,,,,,,,,,,,,,2018-11-09,2018-11-09,0,1,
85,,,,,,,,,,,,,,,,,,,,,,,,,,,2018-11-11,2018-11-16,5,2,