1,updateUser,,,,,,,,,,,,,,,,,,First Name cannot be blank,Last Name cannot be blank,Password cannot be blank,Password cannot be blank,Phone number cannot be blank,Invalid date format,Age cannot be blank,Country cannot be blank,Address cannot be blank,City cannot be blank,State cannot be blank,PIN Code cannot be blank,Invalid date format,Country cannot be blank,Please correct the following errors
2,updateUser,,Ni,,,,,,,,,,,,,,,,First Name must be between 3 and 45 characters,Last Name cannot be blank,Password cannot be blank,Password cannot be blank,Phone number cannot be blank,Invalid date format,Age cannot be blank,Country cannot be blank,Address cannot be blank,City cannot be blank,State cannot be blank,PIN Code cannot be blank,Invalid date format,Country cannot be blank,Please correct the following errors
3,updateUser,,Nik,,,,,,,,,,,,,,,,,Last Name cannot be blank,Password cannot be blank,Password cannot be blank,Phone number cannot be blank,Invalid date format,Age cannot be blank,Country cannot be blank,Address cannot be blank,City cannot be blank,State cannot be blank,PIN Code cannot be blank,Invalid date format,Country cannot be blank,Please correct the following errors
4,updateUser,,auswrqqxotvcoixamsyrtayzjheosvfnldjwfircwhfhe,,,,,,,,,,,,,,,,,Last Name cannot be blank,Password cannot be blank,Password cannot be blank,Phone number cannot be blank,Invalid date format,Age cannot be blank,Country cannot be blank,Address cannot be blank,City cannot be blank,State cannot be blank,PIN Code cannot be blank,Invalid date format,Country cannot be blank,Please correct the following errors
5,updateUser,,auswrqqxotvcoixamsyrtayzjhevosvfnldjwfircwhfhe,,,,,,,,,,,,,,,,First Name must be between 3 and 45 characters,Last Name cannot be blank,Password cannot be blank,Password cannot be blank,Phone number cannot be blank,Invalid date format,Age cannot be blank,Country cannot be blank,Address cannot be blank,City cannot be blank,State cannot be blank,PIN Code cannot be blank,Invalid date format,Country cannot be blank,Please correct the following errors
6,updateUser,,$$$$,,,,,,,,,,,,,,,,First Name must contain only characters,Last Name cannot be blank,Password cannot be blank,Password cannot be blank,Phone number cannot be blank,Invalid date format,Age cannot be blank,Country cannot be blank,Address cannot be blank,City cannot be blank,State cannot be blank,PIN Code cannot be blank,Invalid date format,Country cannot be blank,Please correct the following errors
7,updateUser,,Nikhil,Ka,,,,,,,,,,,,,,,,Last Name must be between 3 and 45 characters,Password cannot be blank,Password cannot be blank,Phone number cannot be blank,Invalid date format,Age cannot be blank,Country cannot be blank,Address cannot be blank,City cannot be blank,State cannot be blank,PIN Code cannot be blank,Invalid date format,Country cannot be blank,Please correct the following errors
8,updateUser,,Nikhil,$$$$,,,,,,,,,,,,,,,,Last Name must contain only characters,Password cannot be blank,Password cannot be blank,Phone number cannot be blank,Invalid date format,Age cannot be blank,Country cannot be blank,Address cannot be blank,City cannot be blank,State cannot be blank,PIN Code cannot be blank,Invalid date format,Country cannot be blank,Please correct the following errors
9,updateUser,,Nikhil,Kaj,,,,,,,,,,,,,,,,,Password cannot be blank,Password cannot be blank,Phone number cannot be blank,Invalid date format,Age cannot be blank,Country cannot be blank,Address cannot be blank,City cannot be blank,State cannot be blank,PIN Code cannot be blank,Invalid date format,Country cannot be blank,Please correct the following errors
10,updateUser,,Nikhil,auswrqqxotvcoixdamsyrtayzjheosvfnldjwfircwhfh,,,,,,,,,,,,,,,,,Password cannot be blank,Password cannot be blank,Phone number cannot be blank,Invalid date format,Age cannot be blank,Country cannot be blank,Address cannot be blank,City cannot be blank,State cannot be blank,PIN Code cannot be blank,Invalid date format,Country cannot be blank,Please correct the following errors
11,updateUser,,Nikhil,auswrqqxotvcoixamsyrtayzjhevosvfnldjwfircwhfhe,,,,,,,,,,,,,,,,Last Name must be between 3 and 45 characters,Password cannot be blank,Password cannot be blank,Phone number cannot be blank,Invalid date format,Age cannot be blank,Country cannot be blank,Address cannot be blank,City cannot be blank,State cannot be blank,PIN Code cannot be blank,Invalid date format,Country cannot be blank,Please correct the following errors
12,updateUser,,Nikhil,Kajrekar,Ni@1k,,,,,,,,,,,,,,,,Password must be atleast 6 characters long,Password cannot be blank,Phone number cannot be blank,Invalid date format,Age cannot be blank,Country cannot be blank,Address cannot be blank,City cannot be blank,State cannot be blank,PIN Code cannot be blank,Invalid date format,Country cannot be blank,Please correct the following errors
13,updateUser,,Nikhil,Kajrekar,Ni@1kh,,,,,,,,,,,,,,,,,Password cannot be blank,Phone number cannot be blank,Invalid date format,Age cannot be blank,Country cannot be blank,Address cannot be blank,City cannot be blank,State cannot be blank,PIN Code cannot be blank,Invalid date format,Country cannot be blank,Please correct the following errors
14,updateUser,,Nikhil,Kajrekar,auswrqqxoTvc@i6damsyrtayzjheosvfnldjwfircwhfh,,,,,,,,,,,,,,,,,Password cannot be blank,Phone number cannot be blank,Invalid date format,Age cannot be blank,Country cannot be blank,Address cannot be blank,City cannot be blank,State cannot be blank,PIN Code cannot be blank,Invalid date format,Country cannot be blank,Please correct the following errors
15,updateUser,,Nikhil,Kajrekar,auswrqqxoTvc@i6damsyrtayzjheosvfnldjwfircwhfhd,,,,,,,,,,,,,,,,Password must be less than 45 characters long,Password cannot be blank,Phone number cannot be blank,Invalid date format,Age cannot be blank,Country cannot be blank,Address cannot be blank,City cannot be blank,State cannot be blank,PIN Code cannot be blank,Invalid date format,Country cannot be blank,Please correct the following errors
16,updateUser,,Nikhil,Kajrekar,aaaaaaaaaa,,,,,,,,,,,,,,,,Password must contain atleast one digit one lower case letter one upper case letter and one special character,Password cannot be blank,Phone number cannot be blank,Invalid date format,Age cannot be blank,Country cannot be blank,Address cannot be blank,City cannot be blank,State cannot be blank,PIN Code cannot be blank,Invalid date format,Country cannot be blank,Please correct the following errors
17,updateUser,,Nikhil,Kajrekar,Nikhil123!@#,Nikhil123!@,,,,,,,,,,,,,,,,Passwords do not match,Phone number cannot be blank,Invalid date format,Age cannot be blank,Country cannot be blank,Address cannot be blank,City cannot be blank,State cannot be blank,PIN Code cannot be blank,Invalid date format,Country cannot be blank,Please correct the following errors
18,updateUser,,Nikhil,Kajrekar,Nikhil123!@#,Nikhil123!@#,682313685,,,,,,,,,,,,,,,,Phone number must exactly be 10 digits,Invalid date format,Age cannot be blank,Country cannot be blank,Address cannot be blank,City cannot be blank,State cannot be blank,PIN Code cannot be blank,Invalid date format,Country cannot be blank,Please correct the following errors
19,updateUser,,Nikhil,Kajrekar,Nikhil123!@#,Nikhil123!@#,6823136859,,,,,,,,,,,,,,,,,Invalid date format,Age cannot be blank,Country cannot be blank,Address cannot be blank,City cannot be blank,State cannot be blank,PIN Code cannot be blank,Invalid date format,Country cannot be blank,Please correct the following errors
20,updateUser,,Nikhil,Kajrekar,Nikhil123!@#,Nikhil123!@#,68231368599,,,,,,,,,,,,,,,,Phone number must exactly be 10 digits,Invalid date format,Age cannot be blank,Country cannot be blank,Address cannot be blank,City cannot be blank,State cannot be blank,PIN Code cannot be blank,Invalid date format,Country cannot be blank,Please correct the following errors
21,updateUser,,Nikhil,Kajrekar,Nikhil123!@#,Nikhil123!@#,6823136859,08-16-1994,,,,,,,,,,,,,,,,Invalid date format,Age cannot be blank,Country cannot be blank,Address cannot be blank,City cannot be blank,State cannot be blank,PIN Code cannot be blank,Invalid date format,Country cannot be blank,Please correct the following errors
22,updateUser,,Nikhil,Kajrekar,Nikhil123!@#,Nikhil123!@#,6823136859,2018-12-08,,,,,,,,,,,,,,,,Date is in future,Age cannot be blank,Country cannot be blank,Address cannot be blank,City cannot be blank,State cannot be blank,PIN Code cannot be blank,Invalid date format,Country cannot be blank,Please correct the following errors
23,updateUser,,Nikhil,Kajrekar,Nikhil123!@#,Nikhil123!@#,6823136859,$$$$,,,,,,,,,,,,,,,,Invalid date format,Age cannot be blank,Country cannot be blank,Address cannot be blank,City cannot be blank,State cannot be blank,PIN Code cannot be blank,Invalid date format,Country cannot be blank,Please correct the following errors
24,updateUser,,Nikhil,Kajrekar,Nikhil123!@#,Nikhil123!@#,6823136859,1994-08-16,17,,,,,,,,,,,,,,,,Age must be 18 or older,Country cannot be blank,Address cannot be blank,City cannot be blank,State cannot be blank,PIN Code cannot be blank,Invalid date format,Country cannot be blank,Please correct the following errors
25,updateUser,,Nikhil,Kajrekar,Nikhil123!@#,Nikhil123!@#,6823136859,1994-08-16,18,,,,,,,,,,,,,,,,,Country cannot be blank,Address cannot be blank,City cannot be blank,State cannot be blank,PIN Code cannot be blank,Invalid date format,Country cannot be blank,Please correct the following errors
26,updateUser,,Nikhil,Kajrekar,Nikhil123!@#,Nikhil123!@#,6823136859,1994-08-16,120,,,,,,,,,,,,,,,,,Country cannot be blank,Address cannot be blank,City cannot be blank,State cannot be blank,PIN Code cannot be blank,Invalid date format,Country cannot be blank,Please correct the following errors
27,updateUser,,Nikhil,Kajrekar,Nikhil123!@#,Nikhil123!@#,6823136859,1994-08-16,121,,,,,,,,,,,,,,,,Age must be 120 or younger,Country cannot be blank,Address cannot be blank,City cannot be blank,State cannot be blank,PIN Code cannot be blank,Invalid date format,Country cannot be blank,Please correct the following errors
28,updateUser,,Nikhil,Kajrekar,Nikhil123!@#,Nikhil123!@#,6823136859,1994-08-16,24,Ind,,,,,,,,,,,,,,,,Country must be between 4 and 45 characters,Address cannot be blank,City cannot be blank,State cannot be blank,PIN Code cannot be blank,Invalid date format,Country cannot be blank,Please correct the following errors
29,updateUser,,Nikhil,Kajrekar,Nikhil123!@#,Nikhil123!@#,6823136859,1994-08-16,24,Indi,,,,,,,,,,,,,,,,,Address cannot be blank,City cannot be blank,State cannot be blank,PIN Code cannot be blank,Invalid date format,Country cannot be blank,Please correct the following errors
30,updateUser,,Nikhil,Kajrekar,Nikhil123!@#,Nikhil123!@#,6823136859,1994-08-16,24,auswrqqxotvcoixdamsyrtayzjheosvfnldjwfircwhfh,,,,,,,,,,,,,,,,,Address cannot be blank,City cannot be blank,State cannot be blank,PIN Code cannot be blank,Invalid date format,Country cannot be blank,Please correct the following errors
31,updateUser,,Nikhil,Kajrekar,Nikhil123!@#,Nikhil123!@#,6823136859,1994-08-16,24,auswrqqxotvcoixdamsyrtayzjheosvfnldjwfircwhfhd,,,,,,,,,,,,,,,,Country must be between 4 and 45 characters,Address cannot be blank,City cannot be blank,State cannot be blank,PIN Code cannot be blank,Invalid date format,Country cannot be blank,Please correct the following errors
32,updateUser,,Nikhil,Kajrekar,Nikhil123!@#,Nikhil123!@#,6823136859,1994-08-16,24,$$$$,,,,,,,,,,,,,,,,Country must contain only characters hyphens and spaces,Address cannot be blank,City cannot be blank,State cannot be blank,PIN Code cannot be blank,Invalid date format,Country cannot be blank,Please correct the following errors
33,updateUser,,Nikhil,Kajrekar,Nikhil123!@#,Nikhil123!@#,6823136859,1994-08-16,24,India,A/,,,,,,,,,,,,,,,,Address must be between 4 and 45 characters,City cannot be blank,State cannot be blank,PIN Code cannot be blank,Invalid date format,Country cannot be blank,Please correct the following errors
34,updateUser,,Nikhil,Kajrekar,Nikhil123!@#,Nikhil123!@#,6823136859,1994-08-16,24,India,$$$$,,,,,,,,,,,,,,,,Address must contain only characters hyphens spaces,City cannot be blank,State cannot be blank,PIN Code cannot be blank,Invalid date format,Country cannot be blank,Please correct the following errors
35,updateUser,,Nikhil,Kajrekar,Nikhil123!@#,Nikhil123!@#,6823136859,1994-08-16,24,India,A/7,,,,,,,,,,,,,,,,,City cannot be blank,State cannot be blank,PIN Code cannot be blank,Invalid date format,Country cannot be blank,Please correct the following errors
36,updateUser,,Nikhil,Kajrekar,Nikhil123!@#,Nikhil123!@#,6823136859,1994-08-16,24,India,auswrqqxotvcoixdamsyrtayzjheosvfnldjwfircwhfh,,,,,,,,,,,,,,,,,City cannot be blank,State cannot be blank,PIN Code cannot be blank,Invalid date format,Country cannot be blank,Please correct the following errors
37,updateUser,,Nikhil,Kajrekar,Nikhil123!@#,Nikhil123!@#,6823136859,1994-08-16,24,India,auswrqqxotvcoixdamsyrtayzjheosvfnldjwfircdwhfh,,,,,,,,,,,,,,,,Address must be between 4 and 45 characters,City cannot be blank,State cannot be blank,PIN Code cannot be blank,Invalid date format,Country cannot be blank,Please correct the following errors
38,updateUser,,Nikhil,Kajrekar,Nikhil123!@#,Nikhil123!@#,6823136859,1994-08-16,24,India,A/7 Vazira,Mum,,,,,,,,,,,,,,,,City must be between 4 and 45 characters,State cannot be blank,PIN Code cannot be blank,Invalid date format,Country cannot be blank,Please correct the following errors
39,updateUser,,Nikhil,Kajrekar,Nikhil123!@#,Nikhil123!@#,6823136859,1994-08-16,24,India,A/7 Vazira,Mumb,,,,,,,,,,,,,,,,,State cannot be blank,PIN Code cannot be blank,Invalid date format,Country cannot be blank,Please correct the following errors
40,updateUser,,Nikhil,Kajrekar,Nikhil123!@#,Nikhil123!@#,6823136859,1994-08-16,24,India,A/7 Vazira,auswrqqxotvcoixdamsyrtayzjheosvfnldjwfircwhfh,,,,,,,,,,,,,,,,,State cannot be blank,PIN Code cannot be blank,Invalid date format,Country cannot be blank,Please correct the following errors
41,updateUser,,Nikhil,Kajrekar,Nikhil123!@#,Nikhil123!@#,6823136859,1994-08-16,24,India,A/7 Vazira,auswrqqxotvcoixdamsyrtayzjheosvfnldjwfircwhfhd,,,,,,,,,,,,,,,,City must be between 4 and 45 characters,State cannot be blank,PIN Code cannot be blank,Invalid date format,Country cannot be blank,Please correct the following errors
42,updateUser,,Nikhil,Kajrekar,Nikhil123!@#,Nikhil123!@#,6823136859,1994-08-16,24,India,A/7 Vazira,$$$$,,,,,,,,,,,,,,,,City must contain only characters hyphens and spaces,State cannot be blank,PIN Code cannot be blank,Invalid date format,Country cannot be blank,Please correct the following errors
43,updateUser,,Nikhil,Kajrekar,Nikhil123!@#,Nikhil123!@#,6823136859,1994-08-16,24,India,A/7 Vazira,Mumbai,Mah,,,,,,,,,,,,,,,,State must be between 4 and 45 characters,PIN Code cannot be blank,Invalid date format,Country cannot be blank,Please correct the following errors
44,updateUser,,Nikhil,Kajrekar,Nikhil123!@#,Nikhil123!@#,6823136859,1994-08-16,24,India,A/7 Vazira,Mumbai,Maha,,,,,,,,,,,,,,,,,PIN Code cannot be blank,Invalid date format,Country cannot be blank,Please correct the following errors
45,updateUser,,Nikhil,Kajrekar,Nikhil123!@#,Nikhil123!@#,6823136859,1994-08-16,24,India,A/7 Vazira,Mumbai,auswrqqxotvcoixdamsyrtayzjheosvfnldjwfircwhfh,,,,,,,,,,,,,,,,,PIN Code cannot be blank,Invalid date format,Country cannot be blank,Please correct the following errors
46,updateUser,,Nikhil,Kajrekar,Nikhil123!@#,Nikhil123!@#,6823136859,1994-08-16,24,India,A/7 Vazira,Mumbai,auswrqqxotvcoixdamsyrtayzjheosvfnldjwfircwhfhd,,,,,,,,,,,,,,,,State must be between 4 and 45 characters,PIN Code cannot be blank,Invalid date format,Country cannot be blank,Please correct the following errors
47,updateUser,,Nikhil,Kajrekar,Nikhil123!@#,Nikhil123!@#,6823136859,1994-08-16,24,India,A/7 Vazira,Mumbai,$$$$$$$,,,,,,,,,,,,,,,,State must contain only characters hyphens and spaces,PIN Code cannot be blank,Invalid date format,Country cannot be blank,Please correct the following errors
48,updateUser,,Nikhil,Kajrekar,Nikhil123!@#,Nikhil123!@#,6823136859,1994-08-16,24,India,A/7 Vazira,Mumbai,Maharashtra,40,,,,,,,,,,,,,,,,PIN Code must be between 3 and 10 characters,Invalid date format,Country cannot be blank,Please correct the following errors
49,updateUser,,Nikhil,Kajrekar,Nikhil123!@#,Nikhil123!@#,6823136859,1994-08-16,24,India,A/7 Vazira,Mumbai,Maharashtra,400,,,,,,,,,,,,,,,,,Invalid date format,Country cannot be blank,Please correct the following errors
50,updateUser,,Nikhil,Kajrekar,Nikhil123!@#,Nikhil123!@#,6823136859,1994-08-16,24,India,A/7 Vazira,Mumbai,Maharashtra,4000910000,,,,,,,,,,,,,,,,,Invalid date format,Country cannot be blank,Please correct the following errors
51,updateUser,,Nikhil,Kajrekar,Nikhil123!@#,Nikhil123!@#,6823136859,1994-08-16,24,India,A/7 Vazira,Mumbai,Maharashtra,40009100000,,,,,,,,,,,,,,,,PIN Code must be between 3 and 10 characters,Invalid date format,Country cannot be blank,Please correct the following errors
52,updateUser,,Nikhil,Kajrekar,Nikhil123!@#,Nikhil123!@#,6823136859,1994-08-16,24,India,A/7 Vazira,Mumbai,Maharashtra,400091,01-08-2033,,,,,,,,,,,,,,,,Invalid date format,Country cannot be blank,Please correct the following errors
53,updateUser,,Nikhil,Kajrekar,Nikhil123!@#,Nikhil123!@#,6823136859,1994-08-16,24,India,A/7 Vazira,Mumbai,Maharashtra,400091,$$$$,,,,,,,,,,,,,,,,Invalid date format,Country cannot be blank,Please correct the following errors
54,updateUser,,Nikhil,Kajrekar,Nikhil123!@#,Nikhil123!@#,6823136859,1994-08-16,24,India,A/7 Vazira,Mumbai,Maharashtra,400091,2018-08-01,,,,,,,,,,,,,,,,Date is in the past,Country cannot be blank,Please correct the following errors
55,updateUser,,Nikhil,Kajrekar,Nikhil123!@#,Nikhil123!@#,6823136859,1994-08-16,24,India,A/7 Vazira,Mumbai,Maharashtra,400091,2033-08-01,Ind,,,,,,,,,,,,,,,,Country must be between 4 and 45 characters,Please correct the following errors
56,updateUser,,Nikhil,Kajrekar,Nikhil123!@#,Nikhil123!@#,6823136859,1994-08-16,24,India,A/7 Vazira,Mumbai,Maharashtra,400091,2033-08-01,$$$$,,,,,,,,,,,,,,,,Country must contain only characters hyphens and spaces,Please correct the following errors
57,updateUser,,Nikhil,Kajrekar,Nikhil123!@#,Nikhil123!@#,6823136859,1994-08-16,24,India,A/7 Vazira,Mumbai,Maharashtra,400091,2033-08-01,Indi,,,,,,,,,,,,,,,,,
58,updateUser,,Nikhil,Kajrekar,Nikhil123!@#,Nikhil123!@#,6823136859,1994-08-16,24,India,A/7 Vazira,Mumbai,Maharashtra,400091,2033-08-01,auswrqqxotvcoixdamsyrtayzjheosvfnldjwfircwhfh,,,,,,,,,,,,,,,,,
59,updateUser,,Nikhil,Kajrekar,Nikhil123!@#,Nikhil123!@#,6823136859,1994-08-16,24,India,A/7 Vazira,Mumbai,Maharashtra,400091,2033-08-01,auswrqqxotvcoixdamsyrtayzjheosvfnldjwfircwhfhd,,,,,,,,,,,,,,,,Country must be between 4 and 45 characters,Please correct the following errors
60,updateUser,,Nikhil,Kajrekar,Nikhil123!@#,Nikhil123!@#,6823136859,1994-08-16,24,India,A/7 Vazira,Mumbai,Maharashtra,400091,2033-08-01,India,,,,,,,,,,,,,,,,,
61,,,,,,,,,,,,,,,,,,,,,,,,,,,,,,,,,
62,sasasasa,,,,,,,,,,,,,,,,,,,,,,,,,,,,,,,,